Naziv usluge;Cijena (€);Cijena (€) na dan 10.09.2026.
Šator 4x6m najam;140;140
Šator 4x8m najam;170;170
Šator 5x10m najam;200;200
Šator 6x12m najam;300;300
Pagoda 4x4m najam;200;200
Pivski set 200x80cm najam;12;12
Barski stol 110x80 cm najam;8;8
Suncobran 2.5x5m najam;35;35
Frižider 400l najam;35;35
Hladnjača najam;50;50
Grijalice visoke gljive najam;30;30
Odvlaživač zraka najam;15;15
Ventilator s mogućnošću maglice najam;15;15
Plitki tanjur najam;0.3;0.3
Duboki tanjur najam;0.3;0.3
Desertni tanjur najam;0.3;0.3
Ovalni poslužavnik najam;3;3
Zdjela za juhu najam;1;1
Košarica za kruh najam;0.5;0.5
Solenica najam;1;1
Komplet posuđa najam;2.5;2.5
Žlica najam;0.2;0.2
Vilica najam;0.2;0.2
Nož najam;0.2;0.2
Desertna vilica najam;0.2;0.2
Desertna žlica najam;0.2;0.2
Grabilica za juhu najam;0.2;0.2
Zlatni pribor za jelo najam;0.3;0.3
Čaša na stalku za vino najam;0.5;0.5
Čaša za žestu najam;0.4;0.4
Čaša za sok 2dcl najam;0.4;0.4
Čaša za aperitiv 0.5 na stalku najam;0.4;0.4
Čaša na stalku najam;0.5;0.5
Vrč 0.5l najam;1;1
Bokal 1l najam;1;1
Bokal za vino 1l najam;1;1
Čaša za šampanjac najam;0.5;0.5
Posuda za led najam;3;3
Posuda za led i piće najam;4;4
Termosica 10l najam;15;15
Ledomat najam;10;10
Dekorativni kolut najam;15;15
Pepeljara najam;0.5;0.5
Stoljnjak 120x240 najam;3;3
Navlake za barski stol crne najam;3;3
Navlake za barski stol bijele najam;3;3
Štafelaj s natpisom Dobro došli najam;20;20
Dekorativni stalak najam;20;20
Ogledalo najam;20;20
Audio guest book phone najam;50;50
Mješalica najam;10;10
Skela 1 m² najam;4;4
Štemalica najam;30;30
Dizalica za gips najam;15;15
Čišćenje nakon radova 1 m²;2;2
Zapunjavanje rupa I oštećenja 1 kom;5;5
Sanacija pukotina 1 m²;3;3
Uklanjanje plijesni 1 m²;3;3
Čišćenje zidova prije obrade 1 m²;1.5;1.5
Skidanje starih podnih obloga 1 m²;4;4
Skidanje stiropora 1 m²;4;4
Skidanje keramike 1 m²;5;5
Uklanjanje stare žbuke 1 m²;5;5
Usluge prijevoza 1km;1.5;1.5
Ugradnja ulaznih vrata 1kom;100;100
Ugradnja prozora 1kom;80;80
Ugradnja sobnih vrata;80;80
Demontaža vrata 1kom;50;50
Demontaža prozora 1kom;50;50
Gletanje 2x 1 m²;4;4
Bojanje u bijelo 2x 1 m²;2;2
Bojanje u bijelo 3x 1 m²;2.8;2.8
Postavljanje akrila 1 m²;1.5;1.5
Zaštita poda I namještaja 1 m²;1.5;1.5
Skidanje stare boje 1 m²;2;2
Premaz podloge emulzijom 1 m²;1;1
Navlačenje ljepila + mrežica 1 m²;6;6
Bojanje perivim bojama 2x 1 m²;4;4
Šmirglanje zidova strojno 1 m²;1;1
Ljepljenje tapeta 1 m²;10;10
Dekorativne tehnike 1 m²;25;25
Bojanje fasada 1 m²;10;10
Postavljanje ukrasnih lajsni od stiropora 1 m²;3;3
Bojanje u boji 1 m²;3;3
Režijski sat 1h;20;20
XS Paket najam;150;150
S Paket najam;350;350
M Paket najam;450;450
L Paket najam;550;550
XL Paket najam;750;750
DUO Paket najam;950;950
Izrada spuštenog ravnog stropa do 10 cm bez vune 1 m²;18;18
Izrada spuštenog ravnog stropa do 10 cm sa vunom debljine 5 cm 1 m²;20;20
Izrada spuštenog ravnog stropa do 25 cm bez vune 1 m²;20;20
Izrada spuštenog ravnog stropa do 25 cm sa vunom debljine 10 cm 1 m²;22;22
Izrada kosog stropa do 5 cm sa vunom i paropropusnom folijom (staklena vuna 10 cm) 1 m²;25;25
Izrada kosog stropa do 10 cm sa vunom i paropropusnom folijom (staklena vuna 15 cm) 1 m²;27;27
Oblaganje zida s lijepljenjem gips-kartonskim pločama 1 m²;10;10
Oblaganje zida s podkonstrukcijom bez vune 1 m²;14;14
Oblaganje zida s podkonstrukcijom s vunom 5 cm 1 m²;17;17
Izrada pregradnog zida debljine 10 cm 1 m²;23;23
Izrada pregradnog zida debljine 12,5 cm 1 m²;25;25
Izrada pregradnog zida debljine 15 cm 1 m²;27;27
Izrada L kutije do 20 cm 1 m²;20;20
Izrada L kutije do 50 cm 1 m²;22;22
Izrada U kutije do 20 cm 1 m²;23;23
Izrada U kutije do 50 cm 1 m²;25;25
